{
  "best_trial": 72,
  "best_valid_loss": 0.3110692799091339,
  "best_epoch": 894,
  "stopped_epoch": 1000,
  "hyperparameters": {
    "latent_dim": 512,
    "koopman_dim": 16,
    "lrelu_alpha": 0.008268014538202518,
    "dropout_rate": 0.07820153004150437,
    "regularize_coef": 0.0,
    "low_rank": 0.9896777638836055,
    "learning_rate": 0.002200695947441775
  },
  "search": {
    "trials": 100,
    "max_epochs_per_trial": 1000,
    "early_stopping_patience": 300,
    "scheduler_patience": 100,
    "min_delta": 0.0001,
    "seed": 0
  }
}